"trial","dataset","model","missclassification"
"0","moons","NN","0.175"
"0","moons","NN + L2","0.15"
"0","moons","NN + Scale","0.15"
"0","moons","NN + Offset","0.2"
"0","circles","NN","0.4"
"0","circles","NN + L2","0.425"
"0","circles","NN + Scale","0.575"
"0","circles","NN + Offset","0.525"
"0","linear","NN","0.2"
"0","linear","NN + L2","0.15"
"0","linear","NN + Scale","0.2"
"0","linear","NN + Offset","0.275"
"0","xor","NN","0.125"
"0","xor","NN + L2","0.3"
"0","xor","NN + Scale","0.125"
"0","xor","NN + Offset","0.175"
"1","moons","NN","0.175"
"1","moons","NN + L2","0.15"
"1","moons","NN + Scale","0.15"
"1","moons","NN + Offset","0.15"
"1","circles","NN","0.45"
"1","circles","NN + L2","0.5"
"1","circles","NN + Scale","0.525"
"1","circles","NN + Offset","0.325"
"1","linear","NN","0.175"
"1","linear","NN + L2","0.225"
"1","linear","NN + Scale","0.175"
"1","linear","NN + Offset","0.325"
"1","xor","NN","0.275"
"1","xor","NN + L2","0.2"
"1","xor","NN + Scale","0.2"
"1","xor","NN + Offset","0.225"
"2","moons","NN","0.25"
"2","moons","NN + L2","0.275"
"2","moons","NN + Scale","0.275"
"2","moons","NN + Offset","0.275"
"2","circles","NN","0.375"
"2","circles","NN + L2","0.175"
"2","circles","NN + Scale","0.475"
"2","circles","NN + Offset","0.2"
"2","linear","NN","0.15"
"2","linear","NN + L2","0.1"
"2","linear","NN + Scale","0.15"
"2","linear","NN + Offset","0.275"
"2","xor","NN","0.1"
"2","xor","NN + L2","0.3"
"2","xor","NN + Scale","0.175"
"2","xor","NN + Offset","0.15"
"3","moons","NN","0.125"
"3","moons","NN + L2","0.175"
"3","moons","NN + Scale","0.175"
"3","moons","NN + Offset","0.175"
"3","circles","NN","0.275"
"3","circles","NN + L2","0.375"
"3","circles","NN + Scale","0.5"
"3","circles","NN + Offset","0.25"
"3","linear","NN","0.175"
"3","linear","NN + L2","0.15"
"3","linear","NN + Scale","0.2"
"3","linear","NN + Offset","0.25"
"3","xor","NN","0.25"
"3","xor","NN + L2","0.25"
"3","xor","NN + Scale","0.275"
"3","xor","NN + Offset","0.225"
"4","moons","NN","0.1"
"4","moons","NN + L2","0.1"
"4","moons","NN + Scale","0.15"
"4","moons","NN + Offset","0.125"
"4","circles","NN","0.5"
"4","circles","NN + L2","0.3"
"4","circles","NN + Scale","0.6"
"4","circles","NN + Offset","0.55"
"4","linear","NN","0.2"
"4","linear","NN + L2","0.225"
"4","linear","NN + Scale","0.2"
"4","linear","NN + Offset","0.35"
"4","xor","NN","0.2"
"4","xor","NN + L2","0.325"
"4","xor","NN + Scale","0.325"
"4","xor","NN + Offset","0.275"
"5","moons","NN","0.125"
"5","moons","NN + L2","0.175"
"5","moons","NN + Scale","0.175"
"5","moons","NN + Offset","0.15"
"5","circles","NN","0.425"
"5","circles","NN + L2","0.625"
"5","circles","NN + Scale","0.625"
"5","circles","NN + Offset","0.5"
"5","linear","NN","0.1"
"5","linear","NN + L2","0.1"
"5","linear","NN + Scale","0.1"
"5","linear","NN + Offset","0.125"
"5","xor","NN","0.175"
"5","xor","NN + L2","0.35"
"5","xor","NN + Scale","0.375"
"5","xor","NN + Offset","0.45"
"6","moons","NN","0.125"
"6","moons","NN + L2","0.15"
"6","moons","NN + Scale","0.15"
"6","moons","NN + Offset","0.15"
"6","circles","NN","0.35"
"6","circles","NN + L2","0.5"
"6","circles","NN + Scale","0.575"
"6","circles","NN + Offset","0.675"
"6","linear","NN","0.175"
"6","linear","NN + L2","0.15"
"6","linear","NN + Scale","0.275"
"6","linear","NN + Offset","0.375"
"6","xor","NN","0.225"
"6","xor","NN + L2","0.15"
"6","xor","NN + Scale","0.2"
"6","xor","NN + Offset","0.125"
"7","moons","NN","0.175"
"7","moons","NN + L2","0.2"
"7","moons","NN + Scale","0.2"
"7","moons","NN + Offset","0.2"
"7","circles","NN","0.525"
"7","circles","NN + L2","0.325"
"7","circles","NN + Scale","0.4"
"7","circles","NN + Offset","0.4"
"7","linear","NN","0.15"
"7","linear","NN + L2","0.175"
"7","linear","NN + Scale","0.2"
"7","linear","NN + Offset","0.175"
"7","xor","NN","0.075"
"7","xor","NN + L2","0.175"
"7","xor","NN + Scale","0.175"
"7","xor","NN + Offset","0.15"
"8","moons","NN","0.175"
"8","moons","NN + L2","0.175"
"8","moons","NN + Scale","0.15"
"8","moons","NN + Offset","0.175"
"8","circles","NN","0.3"
"8","circles","NN + L2","0.425"
"8","circles","NN + Scale","0.5"
"8","circles","NN + Offset","0.325"
"8","linear","NN","0.225"
"8","linear","NN + L2","0.225"
"8","linear","NN + Scale","0.2"
"8","linear","NN + Offset","0.325"
"8","xor","NN","0.175"
"8","xor","NN + L2","0.375"
"8","xor","NN + Scale","0.275"
"8","xor","NN + Offset","0.15"
"9","moons","NN","0.15"
"9","moons","NN + L2","0.175"
"9","moons","NN + Scale","0.2"
"9","moons","NN + Offset","0.175"
"9","circles","NN","0.45"
"9","circles","NN + L2","0.425"
"9","circles","NN + Scale","0.575"
"9","circles","NN + Offset","0.375"
"9","linear","NN","0.3"
"9","linear","NN + L2","0.275"
"9","linear","NN + Scale","0.25"
"9","linear","NN + Offset","0.3"
"9","xor","NN","0.125"
"9","xor","NN + L2","0.25"
"9","xor","NN + Scale","0.125"
"9","xor","NN + Offset","0.1"
"10","moons","NN","0.175"
"10","moons","NN + L2","0.175"
"10","moons","NN + Scale","0.225"
"10","moons","NN + Offset","0.175"
"10","circles","NN","0.55"
"10","circles","NN + L2","0.575"
"10","circles","NN + Scale","0.575"
"10","circles","NN + Offset","0.55"
"10","linear","NN","0.025"
"10","linear","NN + L2","0.075"
"10","linear","NN + Scale","0.05"
"10","linear","NN + Offset","0.1"
"10","xor","NN","0.35"
"10","xor","NN + L2","0.375"
"10","xor","NN + Scale","0.35"
"10","xor","NN + Offset","0.475"
"11","moons","NN","0.2"
"11","moons","NN + L2","0.2"
"11","moons","NN + Scale","0.2"
"11","moons","NN + Offset","0.25"
"11","circles","NN","0.3"
"11","circles","NN + L2","0.25"
"11","circles","NN + Scale","0.475"
"11","circles","NN + Offset","0.325"
"11","linear","NN","0.1"
"11","linear","NN + L2","0.125"
"11","linear","NN + Scale","0.15"
"11","linear","NN + Offset","0.35"
"11","xor","NN","0.175"
"11","xor","NN + L2","0.4"
"11","xor","NN + Scale","0.35"
"11","xor","NN + Offset","0.225"
"12","moons","NN","0.25"
"12","moons","NN + L2","0.325"
"12","moons","NN + Scale","0.275"
"12","moons","NN + Offset","0.275"
"12","circles","NN","0.375"
"12","circles","NN + L2","0.475"
"12","circles","NN + Scale","0.525"
"12","circles","NN + Offset","0.45"
"12","linear","NN","0.0"
"12","linear","NN + L2","0.05"
"12","linear","NN + Scale","0.0"
"12","linear","NN + Offset","0.1"
"12","xor","NN","0.1"
"12","xor","NN + L2","0.2"
"12","xor","NN + Scale","0.15"
"12","xor","NN + Offset","0.125"
"13","moons","NN","0.15"
"13","moons","NN + L2","0.175"
"13","moons","NN + Scale","0.125"
"13","moons","NN + Offset","0.15"
"13","circles","NN","0.35"
"13","circles","NN + L2","0.25"
"13","circles","NN + Scale","0.525"
"13","circles","NN + Offset","0.225"
"13","linear","NN","0.2"
"13","linear","NN + L2","0.2"
"13","linear","NN + Scale","0.175"
"13","linear","NN + Offset","0.3"
"13","xor","NN","0.1"
"13","xor","NN + L2","0.15"
"13","xor","NN + Scale","0.15"
"13","xor","NN + Offset","0.1"
"14","moons","NN","0.125"
"14","moons","NN + L2","0.15"
"14","moons","NN + Scale","0.15"
"14","moons","NN + Offset","0.15"
"14","circles","NN","0.475"
"14","circles","NN + L2","0.3"
"14","circles","NN + Scale","0.575"
"14","circles","NN + Offset","0.6"
"14","linear","NN","0.125"
"14","linear","NN + L2","0.075"
"14","linear","NN + Scale","0.075"
"14","linear","NN + Offset","0.25"
"14","xor","NN","0.275"
"14","xor","NN + L2","0.2"
"14","xor","NN + Scale","0.225"
"14","xor","NN + Offset","0.25"
"15","moons","NN","0.075"
"15","moons","NN + L2","0.1"
"15","moons","NN + Scale","0.275"
"15","moons","NN + Offset","0.075"
"15","circles","NN","0.45"
"15","circles","NN + L2","0.3"
"15","circles","NN + Scale","0.5"
"15","circles","NN + Offset","0.6"
"15","linear","NN","0.175"
"15","linear","NN + L2","0.15"
"15","linear","NN + Scale","0.15"
"15","linear","NN + Offset","0.175"
"15","xor","NN","0.125"
"15","xor","NN + L2","0.25"
"15","xor","NN + Scale","0.2"
"15","xor","NN + Offset","0.275"
"16","moons","NN","0.275"
"16","moons","NN + L2","0.175"
"16","moons","NN + Scale","0.15"
"16","moons","NN + Offset","0.175"
"16","circles","NN","0.35"
"16","circles","NN + L2","0.45"
"16","circles","NN + Scale","0.45"
"16","circles","NN + Offset","0.25"
"16","linear","NN","0.1"
"16","linear","NN + L2","0.075"
"16","linear","NN + Scale","0.175"
"16","linear","NN + Offset","0.175"
"16","xor","NN","0.25"
"16","xor","NN + L2","0.3"
"16","xor","NN + Scale","0.175"
"16","xor","NN + Offset","0.3"
"17","moons","NN","0.2"
"17","moons","NN + L2","0.225"
"17","moons","NN + Scale","0.2"
"17","moons","NN + Offset","0.2"
"17","circles","NN","0.45"
"17","circles","NN + L2","0.2"
"17","circles","NN + Scale","0.375"
"17","circles","NN + Offset","0.225"
"17","linear","NN","0.175"
"17","linear","NN + L2","0.175"
"17","linear","NN + Scale","0.175"
"17","linear","NN + Offset","0.175"
"17","xor","NN","0.3"
"17","xor","NN + L2","0.275"
"17","xor","NN + Scale","0.325"
"17","xor","NN + Offset","0.3"
"18","moons","NN","0.15"
"18","moons","NN + L2","0.15"
"18","moons","NN + Scale","0.1"
"18","moons","NN + Offset","0.15"
"18","circles","NN","0.25"
"18","circles","NN + L2","0.375"
"18","circles","NN + Scale","0.425"
"18","circles","NN + Offset","0.425"
"18","linear","NN","0.175"
"18","linear","NN + L2","0.15"
"18","linear","NN + Scale","0.15"
"18","linear","NN + Offset","0.225"
"18","xor","NN","0.2"
"18","xor","NN + L2","0.325"
"18","xor","NN + Scale","0.225"
"18","xor","NN + Offset","0.3"
"19","moons","NN","0.1"
"19","moons","NN + L2","0.1"
"19","moons","NN + Scale","0.1"
"19","moons","NN + Offset","0.125"
"19","circles","NN","0.475"
"19","circles","NN + L2","0.475"
"19","circles","NN + Scale","0.55"
"19","circles","NN + Offset","0.425"
"19","linear","NN","0.075"
"19","linear","NN + L2","0.1"
"19","linear","NN + Scale","0.1"
"19","linear","NN + Offset","0.15"
"19","xor","NN","0.175"
"19","xor","NN + L2","0.2"
"19","xor","NN + Scale","0.15"
"19","xor","NN + Offset","0.175"
"20","moons","NN","0.15"
"20","moons","NN + L2","0.15"
"20","moons","NN + Scale","0.225"
"20","moons","NN + Offset","0.15"
"20","circles","NN","0.475"
"20","circles","NN + L2","0.6"
"20","circles","NN + Scale","0.6"
"20","circles","NN + Offset","0.525"
"20","linear","NN","0.1"
"20","linear","NN + L2","0.125"
"20","linear","NN + Scale","0.1"
"20","linear","NN + Offset","0.3"
"20","xor","NN","0.25"
"20","xor","NN + L2","0.3"
"20","xor","NN + Scale","0.325"
"20","xor","NN + Offset","0.3"
"21","moons","NN","0.125"
"21","moons","NN + L2","0.125"
"21","moons","NN + Scale","0.325"
"21","moons","NN + Offset","0.175"
"21","circles","NN","0.225"
"21","circles","NN + L2","0.375"
"21","circles","NN + Scale","0.575"
"21","circles","NN + Offset","0.45"
"21","linear","NN","0.125"
"21","linear","NN + L2","0.05"
"21","linear","NN + Scale","0.2"
"21","linear","NN + Offset","0.25"
"21","xor","NN","0.175"
"21","xor","NN + L2","0.15"
"21","xor","NN + Scale","0.175"
"21","xor","NN + Offset","0.1"
"22","moons","NN","0.2"
"22","moons","NN + L2","0.2"
"22","moons","NN + Scale","0.15"
"22","moons","NN + Offset","0.175"
"22","circles","NN","0.4"
"22","circles","NN + L2","0.4"
"22","circles","NN + Scale","0.475"
"22","circles","NN + Offset","0.425"
"22","linear","NN","0.15"
"22","linear","NN + L2","0.125"
"22","linear","NN + Scale","0.15"
"22","linear","NN + Offset","0.3"
"22","xor","NN","0.1"
"22","xor","NN + L2","0.2"
"22","xor","NN + Scale","0.15"
"22","xor","NN + Offset","0.15"
"23","moons","NN","0.25"
"23","moons","NN + L2","0.25"
"23","moons","NN + Scale","0.225"
"23","moons","NN + Offset","0.3"
"23","circles","NN","0.675"
"23","circles","NN + L2","0.675"
"23","circles","NN + Scale","0.675"
"23","circles","NN + Offset","0.6"
"23","linear","NN","0.225"
"23","linear","NN + L2","0.25"
"23","linear","NN + Scale","0.2"
"23","linear","NN + Offset","0.2"
"23","xor","NN","0.35"
"23","xor","NN + L2","0.375"
"23","xor","NN + Scale","0.325"
"23","xor","NN + Offset","0.1"
"24","moons","NN","0.175"
"24","moons","NN + L2","0.15"
"24","moons","NN + Scale","0.125"
"24","moons","NN + Offset","0.15"
"24","circles","NN","0.425"
"24","circles","NN + L2","0.5"
"24","circles","NN + Scale","0.55"
"24","circles","NN + Offset","0.4"
"24","linear","NN","0.125"
"24","linear","NN + L2","0.125"
"24","linear","NN + Scale","0.075"
"24","linear","NN + Offset","0.425"
"24","xor","NN","0.15"
"24","xor","NN + L2","0.225"
"24","xor","NN + Scale","0.3"
"24","xor","NN + Offset","0.175"
"25","moons","NN","0.2"
"25","moons","NN + L2","0.175"
"25","moons","NN + Scale","0.2"
"25","moons","NN + Offset","0.175"
"25","circles","NN","0.35"
"25","circles","NN + L2","0.5"
"25","circles","NN + Scale","0.525"
"25","circles","NN + Offset","0.475"
"25","linear","NN","0.175"
"25","linear","NN + L2","0.175"
"25","linear","NN + Scale","0.125"
"25","linear","NN + Offset","0.175"
"25","xor","NN","0.225"
"25","xor","NN + L2","0.125"
"25","xor","NN + Scale","0.175"
"25","xor","NN + Offset","0.25"
"26","moons","NN","0.125"
"26","moons","NN + L2","0.125"
"26","moons","NN + Scale","0.2"
"26","moons","NN + Offset","0.175"
"26","circles","NN","0.2"
"26","circles","NN + L2","0.225"
"26","circles","NN + Scale","0.4"
"26","circles","NN + Offset","0.25"
"26","linear","NN","0.15"
"26","linear","NN + L2","0.175"
"26","linear","NN + Scale","0.175"
"26","linear","NN + Offset","0.175"
"26","xor","NN","0.35"
"26","xor","NN + L2","0.475"
"26","xor","NN + Scale","0.475"
"26","xor","NN + Offset","0.15"
"27","moons","NN","0.25"
"27","moons","NN + L2","0.3"
"27","moons","NN + Scale","0.225"
"27","moons","NN + Offset","0.25"
"27","circles","NN","0.45"
"27","circles","NN + L2","0.325"
"27","circles","NN + Scale","0.425"
"27","circles","NN + Offset","0.375"
"27","linear","NN","0.125"
"27","linear","NN + L2","0.175"
"27","linear","NN + Scale","0.275"
"27","linear","NN + Offset","0.175"
"27","xor","NN","0.275"
"27","xor","NN + L2","0.375"
"27","xor","NN + Scale","0.2"
"27","xor","NN + Offset","0.275"
"28","moons","NN","0.125"
"28","moons","NN + L2","0.175"
"28","moons","NN + Scale","0.125"
"28","moons","NN + Offset","0.125"
"28","circles","NN","0.55"
"28","circles","NN + L2","0.525"
"28","circles","NN + Scale","0.425"
"28","circles","NN + Offset","0.525"
"28","linear","NN","0.1"
"28","linear","NN + L2","0.1"
"28","linear","NN + Scale","0.05"
"28","linear","NN + Offset","0.225"
"28","xor","NN","0.1"
"28","xor","NN + L2","0.15"
"28","xor","NN + Scale","0.25"
"28","xor","NN + Offset","0.25"
"29","moons","NN","0.1"
"29","moons","NN + L2","0.1"
"29","moons","NN + Scale","0.1"
"29","moons","NN + Offset","0.075"
"29","circles","NN","0.4"
"29","circles","NN + L2","0.25"
"29","circles","NN + Scale","0.525"
"29","circles","NN + Offset","0.425"
"29","linear","NN","0.2"
"29","linear","NN + L2","0.175"
"29","linear","NN + Scale","0.2"
"29","linear","NN + Offset","0.225"
"29","xor","NN","0.25"
"29","xor","NN + L2","0.425"
"29","xor","NN + Scale","0.35"
"29","xor","NN + Offset","0.375"
"30","moons","NN","0.175"
"30","moons","NN + L2","0.175"
"30","moons","NN + Scale","0.125"
"30","moons","NN + Offset","0.175"
"30","circles","NN","0.225"
"30","circles","NN + L2","0.35"
"30","circles","NN + Scale","0.475"
"30","circles","NN + Offset","0.35"
"30","linear","NN","0.2"
"30","linear","NN + L2","0.2"
"30","linear","NN + Scale","0.225"
"30","linear","NN + Offset","0.225"
"30","xor","NN","0.25"
"30","xor","NN + L2","0.325"
"30","xor","NN + Scale","0.25"
"30","xor","NN + Offset","0.375"
"31","moons","NN","0.125"
"31","moons","NN + L2","0.175"
"31","moons","NN + Scale","0.15"
"31","moons","NN + Offset","0.15"
"31","circles","NN","0.5"
"31","circles","NN + L2","0.325"
"31","circles","NN + Scale","0.425"
"31","circles","NN + Offset","0.5"
"31","linear","NN","0.15"
"31","linear","NN + L2","0.275"
"31","linear","NN + Scale","0.225"
"31","linear","NN + Offset","0.125"
"31","xor","NN","0.25"
"31","xor","NN + L2","0.15"
"31","xor","NN + Scale","0.225"
"31","xor","NN + Offset","0.2"
"32","moons","NN","0.075"
"32","moons","NN + L2","0.1"
"32","moons","NN + Scale","0.1"
"32","moons","NN + Offset","0.125"
"32","circles","NN","0.425"
"32","circles","NN + L2","0.3"
"32","circles","NN + Scale","0.375"
"32","circles","NN + Offset","0.4"
"32","linear","NN","0.3"
"32","linear","NN + L2","0.4"
"32","linear","NN + Scale","0.4"
"32","linear","NN + Offset","0.075"
"32","xor","NN","0.275"
"32","xor","NN + L2","0.275"
"32","xor","NN + Scale","0.25"
"32","xor","NN + Offset","0.5"
"33","moons","NN","0.175"
"33","moons","NN + L2","0.15"
"33","moons","NN + Scale","0.15"
"33","moons","NN + Offset","0.2"
"33","circles","NN","0.225"
"33","circles","NN + L2","0.325"
"33","circles","NN + Scale","0.425"
"33","circles","NN + Offset","0.325"
"33","linear","NN","0.125"
"33","linear","NN + L2","0.15"
"33","linear","NN + Scale","0.2"
"33","linear","NN + Offset","0.225"
"33","xor","NN","0.2"
"33","xor","NN + L2","0.375"
"33","xor","NN + Scale","0.325"
"33","xor","NN + Offset","0.2"
"34","moons","NN","0.125"
"34","moons","NN + L2","0.125"
"34","moons","NN + Scale","0.15"
"34","moons","NN + Offset","0.2"
"34","circles","NN","0.5"
"34","circles","NN + L2","0.5"
"34","circles","NN + Scale","0.6"
"34","circles","NN + Offset","0.6"
"34","linear","NN","0.125"
"34","linear","NN + L2","0.125"
"34","linear","NN + Scale","0.125"
"34","linear","NN + Offset","0.1"
"34","xor","NN","0.1"
"34","xor","NN + L2","0.275"
"34","xor","NN + Scale","0.15"
"34","xor","NN + Offset","0.175"
"35","moons","NN","0.1"
"35","moons","NN + L2","0.15"
"35","moons","NN + Scale","0.1"
"35","moons","NN + Offset","0.1"
"35","circles","NN","0.425"
"35","circles","NN + L2","0.475"
"35","circles","NN + Scale","0.4"
"35","circles","NN + Offset","0.35"
"35","linear","NN","0.175"
"35","linear","NN + L2","0.15"
"35","linear","NN + Scale","0.15"
"35","linear","NN + Offset","0.25"
"35","xor","NN","0.2"
"35","xor","NN + L2","0.4"
"35","xor","NN + Scale","0.4"
"35","xor","NN + Offset","0.4"
"36","moons","NN","0.175"
"36","moons","NN + L2","0.275"
"36","moons","NN + Scale","0.25"
"36","moons","NN + Offset","0.25"
"36","circles","NN","0.275"
"36","circles","NN + L2","0.25"
"36","circles","NN + Scale","0.5"
"36","circles","NN + Offset","0.175"
"36","linear","NN","0.1"
"36","linear","NN + L2","0.075"
"36","linear","NN + Scale","0.125"
"36","linear","NN + Offset","0.1"
"36","xor","NN","0.2"
"36","xor","NN + L2","0.275"
"36","xor","NN + Scale","0.3"
"36","xor","NN + Offset","0.225"
"37","moons","NN","0.25"
"37","moons","NN + L2","0.275"
"37","moons","NN + Scale","0.25"
"37","moons","NN + Offset","0.275"
"37","circles","NN","0.275"
"37","circles","NN + L2","0.425"
"37","circles","NN + Scale","0.5"
"37","circles","NN + Offset","0.425"
"37","linear","NN","0.25"
"37","linear","NN + L2","0.3"
"37","linear","NN + Scale","0.25"
"37","linear","NN + Offset","0.3"
"37","xor","NN","0.275"
"37","xor","NN + L2","0.3"
"37","xor","NN + Scale","0.25"
"37","xor","NN + Offset","0.35"
"38","moons","NN","0.175"
"38","moons","NN + L2","0.2"
"38","moons","NN + Scale","0.175"
"38","moons","NN + Offset","0.175"
"38","circles","NN","0.35"
"38","circles","NN + L2","0.475"
"38","circles","NN + Scale","0.525"
"38","circles","NN + Offset","0.45"
"38","linear","NN","0.125"
"38","linear","NN + L2","0.125"
"38","linear","NN + Scale","0.175"
"38","linear","NN + Offset","0.325"
"38","xor","NN","0.25"
"38","xor","NN + L2","0.2"
"38","xor","NN + Scale","0.2"
"38","xor","NN + Offset","0.3"
"39","moons","NN","0.15"
"39","moons","NN + L2","0.125"
"39","moons","NN + Scale","0.2"
"39","moons","NN + Offset","0.125"
"39","circles","NN","0.5"
"39","circles","NN + L2","0.25"
"39","circles","NN + Scale","0.275"
"39","circles","NN + Offset","0.35"
"39","linear","NN","0.05"
"39","linear","NN + L2","0.025"
"39","linear","NN + Scale","0.025"
"39","linear","NN + Offset","0.025"
"39","xor","NN","0.225"
"39","xor","NN + L2","0.275"
"39","xor","NN + Scale","0.25"
"39","xor","NN + Offset","0.325"
"40","moons","NN","0.275"
"40","moons","NN + L2","0.225"
"40","moons","NN + Scale","0.25"
"40","moons","NN + Offset","0.225"
"40","circles","NN","0.325"
"40","circles","NN + L2","0.375"
"40","circles","NN + Scale","0.55"
"40","circles","NN + Offset","0.475"
"40","linear","NN","0.2"
"40","linear","NN + L2","0.1"
"40","linear","NN + Scale","0.1"
"40","linear","NN + Offset","0.225"
"40","xor","NN","0.175"
"40","xor","NN + L2","0.15"
"40","xor","NN + Scale","0.125"
"40","xor","NN + Offset","0.2"
"41","moons","NN","0.15"
"41","moons","NN + L2","0.175"
"41","moons","NN + Scale","0.175"
"41","moons","NN + Offset","0.15"
"41","circles","NN","0.575"
"41","circles","NN + L2","0.525"
"41","circles","NN + Scale","0.625"
"41","circles","NN + Offset","0.45"
"41","linear","NN","0.275"
"41","linear","NN + L2","0.3"
"41","linear","NN + Scale","0.35"
"41","linear","NN + Offset","0.275"
"41","xor","NN","0.3"
"41","xor","NN + L2","0.425"
"41","xor","NN + Scale","0.45"
"41","xor","NN + Offset","0.475"
"42","moons","NN","0.125"
"42","moons","NN + L2","0.125"
"42","moons","NN + Scale","0.125"
"42","moons","NN + Offset","0.125"
"42","circles","NN","0.325"
"42","circles","NN + L2","0.125"
"42","circles","NN + Scale","0.425"
"42","circles","NN + Offset","0.3"
"42","linear","NN","0.2"
"42","linear","NN + L2","0.15"
"42","linear","NN + Scale","0.2"
"42","linear","NN + Offset","0.35"
"42","xor","NN","0.225"
"42","xor","NN + L2","0.1"
"42","xor","NN + Scale","0.325"
"42","xor","NN + Offset","0.15"
"43","moons","NN","0.25"
"43","moons","NN + L2","0.25"
"43","moons","NN + Scale","0.275"
"43","moons","NN + Offset","0.15"
"43","circles","NN","0.6"
"43","circles","NN + L2","0.325"
"43","circles","NN + Scale","0.575"
"43","circles","NN + Offset","0.425"
"43","linear","NN","0.15"
"43","linear","NN + L2","0.1"
"43","linear","NN + Scale","0.125"
"43","linear","NN + Offset","0.175"
"43","xor","NN","0.15"
"43","xor","NN + L2","0.075"
"43","xor","NN + Scale","0.125"
"43","xor","NN + Offset","0.075"
"44","moons","NN","0.1"
"44","moons","NN + L2","0.125"
"44","moons","NN + Scale","0.175"
"44","moons","NN + Offset","0.1"
"44","circles","NN","0.4"
"44","circles","NN + L2","0.5"
"44","circles","NN + Scale","0.475"
"44","circles","NN + Offset","0.3"
"44","linear","NN","0.15"
"44","linear","NN + L2","0.1"
"44","linear","NN + Scale","0.175"
"44","linear","NN + Offset","0.275"
"44","xor","NN","0.2"
"44","xor","NN + L2","0.225"
"44","xor","NN + Scale","0.275"
"44","xor","NN + Offset","0.2"
"45","moons","NN","0.175"
"45","moons","NN + L2","0.2"
"45","moons","NN + Scale","0.2"
"45","moons","NN + Offset","0.2"
"45","circles","NN","0.575"
"45","circles","NN + L2","0.475"
"45","circles","NN + Scale","0.575"
"45","circles","NN + Offset","0.475"
"45","linear","NN","0.2"
"45","linear","NN + L2","0.225"
"45","linear","NN + Scale","0.2"
"45","linear","NN + Offset","0.3"
"45","xor","NN","0.2"
"45","xor","NN + L2","0.275"
"45","xor","NN + Scale","0.3"
"45","xor","NN + Offset","0.175"
"46","moons","NN","0.15"
"46","moons","NN + L2","0.175"
"46","moons","NN + Scale","0.225"
"46","moons","NN + Offset","0.15"
"46","circles","NN","0.5"
"46","circles","NN + L2","0.55"
"46","circles","NN + Scale","0.6"
"46","circles","NN + Offset","0.6"
"46","linear","NN","0.25"
"46","linear","NN + L2","0.25"
"46","linear","NN + Scale","0.375"
"46","linear","NN + Offset","0.375"
"46","xor","NN","0.075"
"46","xor","NN + L2","0.2"
"46","xor","NN + Scale","0.2"
"46","xor","NN + Offset","0.175"
"47","moons","NN","0.2"
"47","moons","NN + L2","0.2"
"47","moons","NN + Scale","0.2"
"47","moons","NN + Offset","0.225"
"47","circles","NN","0.6"
"47","circles","NN + L2","0.575"
"47","circles","NN + Scale","0.65"
"47","circles","NN + Offset","0.65"
"47","linear","NN","0.05"
"47","linear","NN + L2","0.05"
"47","linear","NN + Scale","0.0"
"47","linear","NN + Offset","0.05"
"47","xor","NN","0.175"
"47","xor","NN + L2","0.225"
"47","xor","NN + Scale","0.1"
"47","xor","NN + Offset","0.1"
"48","moons","NN","0.2"
"48","moons","NN + L2","0.3"
"48","moons","NN + Scale","0.25"
"48","moons","NN + Offset","0.175"
"48","circles","NN","0.325"
"48","circles","NN + L2","0.35"
"48","circles","NN + Scale","0.575"
"48","circles","NN + Offset","0.35"
"48","linear","NN","0.175"
"48","linear","NN + L2","0.175"
"48","linear","NN + Scale","0.175"
"48","linear","NN + Offset","0.2"
"48","xor","NN","0.175"
"48","xor","NN + L2","0.35"
"48","xor","NN + Scale","0.25"
"48","xor","NN + Offset","0.35"
"49","moons","NN","0.2"
"49","moons","NN + L2","0.25"
"49","moons","NN + Scale","0.25"
"49","moons","NN + Offset","0.2"
"49","circles","NN","0.225"
"49","circles","NN + L2","0.4"
"49","circles","NN + Scale","0.45"
"49","circles","NN + Offset","0.475"
"49","linear","NN","0.025"
"49","linear","NN + L2","0.0"
"49","linear","NN + Scale","0.0"
"49","linear","NN + Offset","0.075"
"49","xor","NN","0.1"
"49","xor","NN + L2","0.25"
"49","xor","NN + Scale","0.075"
"49","xor","NN + Offset","0.125"
"50","moons","NN","0.225"
"50","moons","NN + L2","0.225"
"50","moons","NN + Scale","0.3"
"50","moons","NN + Offset","0.225"
"50","circles","NN","0.325"
"50","circles","NN + L2","0.425"
"50","circles","NN + Scale","0.525"
"50","circles","NN + Offset","0.35"
"50","linear","NN","0.175"
"50","linear","NN + L2","0.225"
"50","linear","NN + Scale","0.375"
"50","linear","NN + Offset","0.225"
"50","xor","NN","0.175"
"50","xor","NN + L2","0.2"
"50","xor","NN + Scale","0.25"
"50","xor","NN + Offset","0.05"
"51","moons","NN","0.1"
"51","moons","NN + L2","0.125"
"51","moons","NN + Scale","0.15"
"51","moons","NN + Offset","0.05"
"51","circles","NN","0.4"
"51","circles","NN + L2","0.2"
"51","circles","NN + Scale","0.4"
"51","circles","NN + Offset","0.4"
"51","linear","NN","0.1"
"51","linear","NN + L2","0.15"
"51","linear","NN + Scale","0.15"
"51","linear","NN + Offset","0.275"
"51","xor","NN","0.325"
"51","xor","NN + L2","0.275"
"51","xor","NN + Scale","0.25"
"51","xor","NN + Offset","0.225"
"52","moons","NN","0.125"
"52","moons","NN + L2","0.15"
"52","moons","NN + Scale","0.125"
"52","moons","NN + Offset","0.125"
"52","circles","NN","0.325"
"52","circles","NN + L2","0.4"
"52","circles","NN + Scale","0.475"
"52","circles","NN + Offset","0.475"
"52","linear","NN","0.15"
"52","linear","NN + L2","0.075"
"52","linear","NN + Scale","0.175"
"52","linear","NN + Offset","0.075"
"52","xor","NN","0.075"
"52","xor","NN + L2","0.1"
"52","xor","NN + Scale","0.025"
"52","xor","NN + Offset","0.25"
"53","moons","NN","0.25"
"53","moons","NN + L2","0.25"
"53","moons","NN + Scale","0.2"
"53","moons","NN + Offset","0.275"
"53","circles","NN","0.425"
"53","circles","NN + L2","0.25"
"53","circles","NN + Scale","0.6"
"53","circles","NN + Offset","0.45"
"53","linear","NN","0.1"
"53","linear","NN + L2","0.15"
"53","linear","NN + Scale","0.1"
"53","linear","NN + Offset","0.325"
"53","xor","NN","0.125"
"53","xor","NN + L2","0.225"
"53","xor","NN + Scale","0.4"
"53","xor","NN + Offset","0.1"
"54","moons","NN","0.2"
"54","moons","NN + L2","0.175"
"54","moons","NN + Scale","0.3"
"54","moons","NN + Offset","0.175"
"54","circles","NN","0.325"
"54","circles","NN + L2","0.35"
"54","circles","NN + Scale","0.5"
"54","circles","NN + Offset","0.3"
"54","linear","NN","0.125"
"54","linear","NN + L2","0.1"
"54","linear","NN + Scale","0.1"
"54","linear","NN + Offset","0.075"
"54","xor","NN","0.15"
"54","xor","NN + L2","0.25"
"54","xor","NN + Scale","0.2"
"54","xor","NN + Offset","0.225"
"55","moons","NN","0.25"
"55","moons","NN + L2","0.2"
"55","moons","NN + Scale","0.25"
"55","moons","NN + Offset","0.3"
"55","circles","NN","0.425"
"55","circles","NN + L2","0.275"
"55","circles","NN + Scale","0.525"
"55","circles","NN + Offset","0.425"
"55","linear","NN","0.05"
"55","linear","NN + L2","0.075"
"55","linear","NN + Scale","0.075"
"55","linear","NN + Offset","0.2"
"55","xor","NN","0.25"
"55","xor","NN + L2","0.35"
"55","xor","NN + Scale","0.3"
"55","xor","NN + Offset","0.2"
"56","moons","NN","0.275"
"56","moons","NN + L2","0.275"
"56","moons","NN + Scale","0.15"
"56","moons","NN + Offset","0.2"
"56","circles","NN","0.525"
"56","circles","NN + L2","0.6"
"56","circles","NN + Scale","0.6"
"56","circles","NN + Offset","0.475"
"56","linear","NN","0.125"
"56","linear","NN + L2","0.1"
"56","linear","NN + Scale","0.125"
"56","linear","NN + Offset","0.1"
"56","xor","NN","0.175"
"56","xor","NN + L2","0.3"
"56","xor","NN + Scale","0.1"
"56","xor","NN + Offset","0.175"
"57","moons","NN","0.075"
"57","moons","NN + L2","0.125"
"57","moons","NN + Scale","0.125"
"57","moons","NN + Offset","0.1"
"57","circles","NN","0.675"
"57","circles","NN + L2","0.475"
"57","circles","NN + Scale","0.65"
"57","circles","NN + Offset","0.325"
"57","linear","NN","0.15"
"57","linear","NN + L2","0.125"
"57","linear","NN + Scale","0.15"
"57","linear","NN + Offset","0.125"
"57","xor","NN","0.2"
"57","xor","NN + L2","0.15"
"57","xor","NN + Scale","0.325"
"57","xor","NN + Offset","0.25"
"58","moons","NN","0.15"
"58","moons","NN + L2","0.175"
"58","moons","NN + Scale","0.2"
"58","moons","NN + Offset","0.175"
"58","circles","NN","0.575"
"58","circles","NN + L2","0.625"
"58","circles","NN + Scale","0.625"
"58","circles","NN + Offset","0.6"
"58","linear","NN","0.3"
"58","linear","NN + L2","0.3"
"58","linear","NN + Scale","0.3"
"58","linear","NN + Offset","0.3"
"58","xor","NN","0.2"
"58","xor","NN + L2","0.375"
"58","xor","NN + Scale","0.35"
"58","xor","NN + Offset","0.375"
"59","moons","NN","0.275"
"59","moons","NN + L2","0.225"
"59","moons","NN + Scale","0.275"
"59","moons","NN + Offset","0.225"
"59","circles","NN","0.475"
"59","circles","NN + L2","0.525"
"59","circles","NN + Scale","0.55"
"59","circles","NN + Offset","0.575"
"59","linear","NN","0.175"
"59","linear","NN + L2","0.2"
"59","linear","NN + Scale","0.2"
"59","linear","NN + Offset","0.225"
"59","xor","NN","0.2"
"59","xor","NN + L2","0.45"
"59","xor","NN + Scale","0.375"
"59","xor","NN + Offset","0.35"
"60","moons","NN","0.15"
"60","moons","NN + L2","0.15"
"60","moons","NN + Scale","0.15"
"60","moons","NN + Offset","0.15"
"60","circles","NN","0.225"
"60","circles","NN + L2","0.25"
"60","circles","NN + Scale","0.425"
"60","circles","NN + Offset","0.375"
"60","linear","NN","0.075"
"60","linear","NN + L2","0.025"
"60","linear","NN + Scale","0.05"
"60","linear","NN + Offset","0.225"
"60","xor","NN","0.125"
"60","xor","NN + L2","0.4"
"60","xor","NN + Scale","0.3"
"60","xor","NN + Offset","0.15"
"61","moons","NN","0.175"
"61","moons","NN + L2","0.15"
"61","moons","NN + Scale","0.175"
"61","moons","NN + Offset","0.125"
"61","circles","NN","0.325"
"61","circles","NN + L2","0.325"
"61","circles","NN + Scale","0.425"
"61","circles","NN + Offset","0.375"
"61","linear","NN","0.125"
"61","linear","NN + L2","0.225"
"61","linear","NN + Scale","0.125"
"61","linear","NN + Offset","0.125"
"61","xor","NN","0.275"
"61","xor","NN + L2","0.2"
"61","xor","NN + Scale","0.25"
"61","xor","NN + Offset","0.175"
"62","moons","NN","0.175"
"62","moons","NN + L2","0.175"
"62","moons","NN + Scale","0.175"
"62","moons","NN + Offset","0.175"
"62","circles","NN","0.325"
"62","circles","NN + L2","0.35"
"62","circles","NN + Scale","0.425"
"62","circles","NN + Offset","0.425"
"62","linear","NN","0.225"
"62","linear","NN + L2","0.225"
"62","linear","NN + Scale","0.25"
"62","linear","NN + Offset","0.425"
"62","xor","NN","0.2"
"62","xor","NN + L2","0.35"
"62","xor","NN + Scale","0.175"
"62","xor","NN + Offset","0.2"
"63","moons","NN","0.175"
"63","moons","NN + L2","0.125"
"63","moons","NN + Scale","0.15"
"63","moons","NN + Offset","0.125"
"63","circles","NN","0.325"
"63","circles","NN + L2","0.425"
"63","circles","NN + Scale","0.525"
"63","circles","NN + Offset","0.425"
"63","linear","NN","0.225"
"63","linear","NN + L2","0.25"
"63","linear","NN + Scale","0.2"
"63","linear","NN + Offset","0.375"
"63","xor","NN","0.075"
"63","xor","NN + L2","0.3"
"63","xor","NN + Scale","0.175"
"63","xor","NN + Offset","0.075"
"64","moons","NN","0.15"
"64","moons","NN + L2","0.125"
"64","moons","NN + Scale","0.15"
"64","moons","NN + Offset","0.125"
"64","circles","NN","0.4"
"64","circles","NN + L2","0.4"
"64","circles","NN + Scale","0.475"
"64","circles","NN + Offset","0.4"
"64","linear","NN","0.125"
"64","linear","NN + L2","0.15"
"64","linear","NN + Scale","0.15"
"64","linear","NN + Offset","0.275"
"64","xor","NN","0.225"
"64","xor","NN + L2","0.275"
"64","xor","NN + Scale","0.15"
"64","xor","NN + Offset","0.2"
"65","moons","NN","0.15"
"65","moons","NN + L2","0.175"
"65","moons","NN + Scale","0.175"
"65","moons","NN + Offset","0.175"
"65","circles","NN","0.425"
"65","circles","NN + L2","0.525"
"65","circles","NN + Scale","0.375"
"65","circles","NN + Offset","0.55"
"65","linear","NN","0.025"
"65","linear","NN + L2","0.05"
"65","linear","NN + Scale","0.1"
"65","linear","NN + Offset","0.625"
"65","xor","NN","0.175"
"65","xor","NN + L2","0.375"
"65","xor","NN + Scale","0.45"
"65","xor","NN + Offset","0.175"
"66","moons","NN","0.2"
"66","moons","NN + L2","0.225"
"66","moons","NN + Scale","0.225"
"66","moons","NN + Offset","0.225"
"66","circles","NN","0.3"
"66","circles","NN + L2","0.475"
"66","circles","NN + Scale","0.5"
"66","circles","NN + Offset","0.275"
"66","linear","NN","0.125"
"66","linear","NN + L2","0.125"
"66","linear","NN + Scale","0.15"
"66","linear","NN + Offset","0.2"
"66","xor","NN","0.275"
"66","xor","NN + L2","0.35"
"66","xor","NN + Scale","0.325"
"66","xor","NN + Offset","0.425"
"67","moons","NN","0.2"
"67","moons","NN + L2","0.2"
"67","moons","NN + Scale","0.2"
"67","moons","NN + Offset","0.175"
"67","circles","NN","0.475"
"67","circles","NN + L2","0.525"
"67","circles","NN + Scale","0.55"
"67","circles","NN + Offset","0.45"
"67","linear","NN","0.025"
"67","linear","NN + L2","0.15"
"67","linear","NN + Scale","0.025"
"67","linear","NN + Offset","0.175"
"67","xor","NN","0.075"
"67","xor","NN + L2","0.25"
"67","xor","NN + Scale","0.15"
"67","xor","NN + Offset","0.175"
"68","moons","NN","0.1"
"68","moons","NN + L2","0.15"
"68","moons","NN + Scale","0.125"
"68","moons","NN + Offset","0.125"
"68","circles","NN","0.3"
"68","circles","NN + L2","0.5"
"68","circles","NN + Scale","0.55"
"68","circles","NN + Offset","0.55"
"68","linear","NN","0.275"
"68","linear","NN + L2","0.25"
"68","linear","NN + Scale","0.3"
"68","linear","NN + Offset","0.275"
"68","xor","NN","0.2"
"68","xor","NN + L2","0.45"
"68","xor","NN + Scale","0.4"
"68","xor","NN + Offset","0.175"
"69","moons","NN","0.1"
"69","moons","NN + L2","0.1"
"69","moons","NN + Scale","0.075"
"69","moons","NN + Offset","0.1"
"69","circles","NN","0.25"
"69","circles","NN + L2","0.525"
"69","circles","NN + Scale","0.6"
"69","circles","NN + Offset","0.275"
"69","linear","NN","0.125"
"69","linear","NN + L2","0.125"
"69","linear","NN + Scale","0.125"
"69","linear","NN + Offset","0.15"
"69","xor","NN","0.125"
"69","xor","NN + L2","0.375"
"69","xor","NN + Scale","0.45"
"69","xor","NN + Offset","0.6"
"70","moons","NN","0.25"
"70","moons","NN + L2","0.25"
"70","moons","NN + Scale","0.225"
"70","moons","NN + Offset","0.2"
"70","circles","NN","0.225"
"70","circles","NN + L2","0.4"
"70","circles","NN + Scale","0.45"
"70","circles","NN + Offset","0.325"
"70","linear","NN","0.2"
"70","linear","NN + L2","0.25"
"70","linear","NN + Scale","0.175"
"70","linear","NN + Offset","0.175"
"70","xor","NN","0.15"
"70","xor","NN + L2","0.1"
"70","xor","NN + Scale","0.15"
"70","xor","NN + Offset","0.15"
"71","moons","NN","0.2"
"71","moons","NN + L2","0.2"
"71","moons","NN + Scale","0.225"
"71","moons","NN + Offset","0.2"
"71","circles","NN","0.45"
"71","circles","NN + L2","0.325"
"71","circles","NN + Scale","0.4"
"71","circles","NN + Offset","0.45"
"71","linear","NN","0.175"
"71","linear","NN + L2","0.175"
"71","linear","NN + Scale","0.2"
"71","linear","NN + Offset","0.225"
"71","xor","NN","0.175"
"71","xor","NN + L2","0.3"
"71","xor","NN + Scale","0.325"
"71","xor","NN + Offset","0.3"
"72","moons","NN","0.175"
"72","moons","NN + L2","0.175"
"72","moons","NN + Scale","0.15"
"72","moons","NN + Offset","0.175"
"72","circles","NN","0.325"
"72","circles","NN + L2","0.525"
"72","circles","NN + Scale","0.45"
"72","circles","NN + Offset","0.525"
"72","linear","NN","0.1"
"72","linear","NN + L2","0.15"
"72","linear","NN + Scale","0.15"
"72","linear","NN + Offset","0.2"
"72","xor","NN","0.125"
"72","xor","NN + L2","0.175"
"72","xor","NN + Scale","0.125"
"72","xor","NN + Offset","0.125"
"73","moons","NN","0.225"
"73","moons","NN + L2","0.25"
"73","moons","NN + Scale","0.225"
"73","moons","NN + Offset","0.25"
"73","circles","NN","0.15"
"73","circles","NN + L2","0.3"
"73","circles","NN + Scale","0.4"
"73","circles","NN + Offset","0.3"
"73","linear","NN","0.05"
"73","linear","NN + L2","0.05"
"73","linear","NN + Scale","0.05"
"73","linear","NN + Offset","0.1"
"73","xor","NN","0.175"
"73","xor","NN + L2","0.275"
"73","xor","NN + Scale","0.175"
"73","xor","NN + Offset","0.15"
"74","moons","NN","0.275"
"74","moons","NN + L2","0.275"
"74","moons","NN + Scale","0.25"
"74","moons","NN + Offset","0.275"
"74","circles","NN","0.575"
"74","circles","NN + L2","0.45"
"74","circles","NN + Scale","0.575"
"74","circles","NN + Offset","0.55"
"74","linear","NN","0.125"
"74","linear","NN + L2","0.15"
"74","linear","NN + Scale","0.15"
"74","linear","NN + Offset","0.25"
"74","xor","NN","0.275"
"74","xor","NN + L2","0.45"
"74","xor","NN + Scale","0.45"
"74","xor","NN + Offset","0.325"
"75","moons","NN","0.1"
"75","moons","NN + L2","0.075"
"75","moons","NN + Scale","0.1"
"75","moons","NN + Offset","0.15"
"75","circles","NN","0.3"
"75","circles","NN + L2","0.4"
"75","circles","NN + Scale","0.55"
"75","circles","NN + Offset","0.5"
"75","linear","NN","0.1"
"75","linear","NN + L2","0.125"
"75","linear","NN + Scale","0.15"
"75","linear","NN + Offset","0.25"
"75","xor","NN","0.35"
"75","xor","NN + L2","0.45"
"75","xor","NN + Scale","0.325"
"75","xor","NN + Offset","0.4"
"76","moons","NN","0.225"
"76","moons","NN + L2","0.225"
"76","moons","NN + Scale","0.2"
"76","moons","NN + Offset","0.2"
"76","circles","NN","0.5"
"76","circles","NN + L2","0.425"
"76","circles","NN + Scale","0.575"
"76","circles","NN + Offset","0.45"
"76","linear","NN","0.25"
"76","linear","NN + L2","0.275"
"76","linear","NN + Scale","0.25"
"76","linear","NN + Offset","0.325"
"76","xor","NN","0.25"
"76","xor","NN + L2","0.2"
"76","xor","NN + Scale","0.225"
"76","xor","NN + Offset","0.275"
"77","moons","NN","0.125"
"77","moons","NN + L2","0.125"
"77","moons","NN + Scale","0.15"
"77","moons","NN + Offset","0.125"
"77","circles","NN","0.325"
"77","circles","NN + L2","0.4"
"77","circles","NN + Scale","0.575"
"77","circles","NN + Offset","0.5"
"77","linear","NN","0.175"
"77","linear","NN + L2","0.15"
"77","linear","NN + Scale","0.125"
"77","linear","NN + Offset","0.225"
"77","xor","NN","0.2"
"77","xor","NN + L2","0.425"
"77","xor","NN + Scale","0.35"
"77","xor","NN + Offset","0.275"
"78","moons","NN","0.125"
"78","moons","NN + L2","0.1"
"78","moons","NN + Scale","0.25"
"78","moons","NN + Offset","0.125"
"78","circles","NN","0.45"
"78","circles","NN + L2","0.35"
"78","circles","NN + Scale","0.55"
"78","circles","NN + Offset","0.3"
"78","linear","NN","0.1"
"78","linear","NN + L2","0.075"
"78","linear","NN + Scale","0.05"
"78","linear","NN + Offset","0.075"
"78","xor","NN","0.425"
"78","xor","NN + L2","0.375"
"78","xor","NN + Scale","0.45"
"78","xor","NN + Offset","0.25"
"79","moons","NN","0.175"
"79","moons","NN + L2","0.175"
"79","moons","NN + Scale","0.35"
"79","moons","NN + Offset","0.2"
"79","circles","NN","0.275"
"79","circles","NN + L2","0.425"
"79","circles","NN + Scale","0.45"
"79","circles","NN + Offset","0.6"
"79","linear","NN","0.025"
"79","linear","NN + L2","0.05"
"79","linear","NN + Scale","0.025"
"79","linear","NN + Offset","0.025"
"79","xor","NN","0.2"
"79","xor","NN + L2","0.2"
"79","xor","NN + Scale","0.175"
"79","xor","NN + Offset","0.275"
"80","moons","NN","0.275"
"80","moons","NN + L2","0.3"
"80","moons","NN + Scale","0.3"
"80","moons","NN + Offset","0.275"
"80","circles","NN","0.325"
"80","circles","NN + L2","0.55"
"80","circles","NN + Scale","0.575"
"80","circles","NN + Offset","0.425"
"80","linear","NN","0.075"
"80","linear","NN + L2","0.025"
"80","linear","NN + Scale","0.075"
"80","linear","NN + Offset","0.15"
"80","xor","NN","0.25"
"80","xor","NN + L2","0.375"
"80","xor","NN + Scale","0.3"
"80","xor","NN + Offset","0.15"
"81","moons","NN","0.125"
"81","moons","NN + L2","0.1"
"81","moons","NN + Scale","0.2"
"81","moons","NN + Offset","0.15"
"81","circles","NN","0.3"
"81","circles","NN + L2","0.5"
"81","circles","NN + Scale","0.525"
"81","circles","NN + Offset","0.3"
"81","linear","NN","0.15"
"81","linear","NN + L2","0.175"
"81","linear","NN + Scale","0.175"
"81","linear","NN + Offset","0.175"
"81","xor","NN","0.225"
"81","xor","NN + L2","0.375"
"81","xor","NN + Scale","0.45"
"81","xor","NN + Offset","0.25"
"82","moons","NN","0.2"
"82","moons","NN + L2","0.2"
"82","moons","NN + Scale","0.2"
"82","moons","NN + Offset","0.2"
"82","circles","NN","0.35"
"82","circles","NN + L2","0.425"
"82","circles","NN + Scale","0.3"
"82","circles","NN + Offset","0.375"
"82","linear","NN","0.175"
"82","linear","NN + L2","0.225"
"82","linear","NN + Scale","0.2"
"82","linear","NN + Offset","0.25"
"82","xor","NN","0.275"
"82","xor","NN + L2","0.325"
"82","xor","NN + Scale","0.325"
"82","xor","NN + Offset","0.2"
"83","moons","NN","0.15"
"83","moons","NN + L2","0.175"
"83","moons","NN + Scale","0.225"
"83","moons","NN + Offset","0.175"
"83","circles","NN","0.425"
"83","circles","NN + L2","0.3"
"83","circles","NN + Scale","0.45"
"83","circles","NN + Offset","0.45"
"83","linear","NN","0.0"
"83","linear","NN + L2","0.0"
"83","linear","NN + Scale","0.025"
"83","linear","NN + Offset","0.225"
"83","xor","NN","0.225"
"83","xor","NN + L2","0.3"
"83","xor","NN + Scale","0.425"
"83","xor","NN + Offset","0.225"
"84","moons","NN","0.175"
"84","moons","NN + L2","0.175"
"84","moons","NN + Scale","0.2"
"84","moons","NN + Offset","0.2"
"84","circles","NN","0.35"
"84","circles","NN + L2","0.625"
"84","circles","NN + Scale","0.6"
"84","circles","NN + Offset","0.35"
"84","linear","NN","0.175"
"84","linear","NN + L2","0.175"
"84","linear","NN + Scale","0.175"
"84","linear","NN + Offset","0.2"
"84","xor","NN","0.225"
"84","xor","NN + L2","0.45"
"84","xor","NN + Scale","0.325"
"84","xor","NN + Offset","0.375"
"85","moons","NN","0.15"
"85","moons","NN + L2","0.175"
"85","moons","NN + Scale","0.225"
"85","moons","NN + Offset","0.175"
"85","circles","NN","0.2"
"85","circles","NN + L2","0.4"
"85","circles","NN + Scale","0.525"
"85","circles","NN + Offset","0.35"
"85","linear","NN","0.075"
"85","linear","NN + L2","0.075"
"85","linear","NN + Scale","0.1"
"85","linear","NN + Offset","0.125"
"85","xor","NN","0.225"
"85","xor","NN + L2","0.25"
"85","xor","NN + Scale","0.175"
"85","xor","NN + Offset","0.1"
"86","moons","NN","0.175"
"86","moons","NN + L2","0.125"
"86","moons","NN + Scale","0.2"
"86","moons","NN + Offset","0.15"
"86","circles","NN","0.4"
"86","circles","NN + L2","0.25"
"86","circles","NN + Scale","0.425"
"86","circles","NN + Offset","0.375"
"86","linear","NN","0.05"
"86","linear","NN + L2","0.05"
"86","linear","NN + Scale","0.1"
"86","linear","NN + Offset","0.1"
"86","xor","NN","0.4"
"86","xor","NN + L2","0.4"
"86","xor","NN + Scale","0.475"
"86","xor","NN + Offset","0.375"
"87","moons","NN","0.075"
"87","moons","NN + L2","0.1"
"87","moons","NN + Scale","0.1"
"87","moons","NN + Offset","0.1"
"87","circles","NN","0.3"
"87","circles","NN + L2","0.5"
"87","circles","NN + Scale","0.55"
"87","circles","NN + Offset","0.35"
"87","linear","NN","0.25"
"87","linear","NN + L2","0.25"
"87","linear","NN + Scale","0.275"
"87","linear","NN + Offset","0.35"
"87","xor","NN","0.075"
"87","xor","NN + L2","0.25"
"87","xor","NN + Scale","0.25"
"87","xor","NN + Offset","0.125"
"88","moons","NN","0.175"
"88","moons","NN + L2","0.225"
"88","moons","NN + Scale","0.375"
"88","moons","NN + Offset","0.2"
"88","circles","NN","0.475"
"88","circles","NN + L2","0.45"
"88","circles","NN + Scale","0.625"
"88","circles","NN + Offset","0.45"
"88","linear","NN","0.075"
"88","linear","NN + L2","0.075"
"88","linear","NN + Scale","0.1"
"88","linear","NN + Offset","0.075"
"88","xor","NN","0.275"
"88","xor","NN + L2","0.6"
"88","xor","NN + Scale","0.6"
"88","xor","NN + Offset","0.425"
"89","moons","NN","0.175"
"89","moons","NN + L2","0.225"
"89","moons","NN + Scale","0.275"
"89","moons","NN + Offset","0.225"
"89","circles","NN","0.25"
"89","circles","NN + L2","0.2"
"89","circles","NN + Scale","0.475"
"89","circles","NN + Offset","0.525"
"89","linear","NN","0.15"
"89","linear","NN + L2","0.15"
"89","linear","NN + Scale","0.125"
"89","linear","NN + Offset","0.225"
"89","xor","NN","0.075"
"89","xor","NN + L2","0.3"
"89","xor","NN + Scale","0.15"
"89","xor","NN + Offset","0.075"
"90","moons","NN","0.075"
"90","moons","NN + L2","0.075"
"90","moons","NN + Scale","0.05"
"90","moons","NN + Offset","0.075"
"90","circles","NN","0.225"
"90","circles","NN + L2","0.45"
"90","circles","NN + Scale","0.475"
"90","circles","NN + Offset","0.3"
"90","linear","NN","0.225"
"90","linear","NN + L2","0.25"
"90","linear","NN + Scale","0.25"
"90","linear","NN + Offset","0.325"
"90","xor","NN","0.325"
"90","xor","NN + L2","0.5"
"90","xor","NN + Scale","0.45"
"90","xor","NN + Offset","0.525"
"91","moons","NN","0.125"
"91","moons","NN + L2","0.125"
"91","moons","NN + Scale","0.15"
"91","moons","NN + Offset","0.15"
"91","circles","NN","0.525"
"91","circles","NN + L2","0.35"
"91","circles","NN + Scale","0.525"
"91","circles","NN + Offset","0.35"
"91","linear","NN","0.1"
"91","linear","NN + L2","0.05"
"91","linear","NN + Scale","0.05"
"91","linear","NN + Offset","0.475"
"91","xor","NN","0.225"
"91","xor","NN + L2","0.275"
"91","xor","NN + Scale","0.325"
"91","xor","NN + Offset","0.3"
"92","moons","NN","0.2"
"92","moons","NN + L2","0.175"
"92","moons","NN + Scale","0.225"
"92","moons","NN + Offset","0.225"
"92","circles","NN","0.4"
"92","circles","NN + L2","0.575"
"92","circles","NN + Scale","0.575"
"92","circles","NN + Offset","0.55"
"92","linear","NN","0.125"
"92","linear","NN + L2","0.125"
"92","linear","NN + Scale","0.1"
"92","linear","NN + Offset","0.275"
"92","xor","NN","0.425"
"92","xor","NN + L2","0.225"
"92","xor","NN + Scale","0.225"
"92","xor","NN + Offset","0.125"
"93","moons","NN","0.175"
"93","moons","NN + L2","0.25"
"93","moons","NN + Scale","0.25"
"93","moons","NN + Offset","0.225"
"93","circles","NN","0.45"
"93","circles","NN + L2","0.625"
"93","circles","NN + Scale","0.625"
"93","circles","NN + Offset","0.625"
"93","linear","NN","0.025"
"93","linear","NN + L2","0.0"
"93","linear","NN + Scale","0.025"
"93","linear","NN + Offset","0.0"
"93","xor","NN","0.1"
"93","xor","NN + L2","0.375"
"93","xor","NN + Scale","0.1"
"93","xor","NN + Offset","0.2"
"94","moons","NN","0.2"
"94","moons","NN + L2","0.2"
"94","moons","NN + Scale","0.175"
"94","moons","NN + Offset","0.15"
"94","circles","NN","0.45"
"94","circles","NN + L2","0.425"
"94","circles","NN + Scale","0.475"
"94","circles","NN + Offset","0.575"
"94","linear","NN","0.075"
"94","linear","NN + L2","0.05"
"94","linear","NN + Scale","0.1"
"94","linear","NN + Offset","0.2"
"94","xor","NN","0.2"
"94","xor","NN + L2","0.2"
"94","xor","NN + Scale","0.175"
"94","xor","NN + Offset","0.25"
"95","moons","NN","0.1"
"95","moons","NN + L2","0.1"
"95","moons","NN + Scale","0.275"
"95","moons","NN + Offset","0.15"
"95","circles","NN","0.4"
"95","circles","NN + L2","0.475"
"95","circles","NN + Scale","0.525"
"95","circles","NN + Offset","0.45"
"95","linear","NN","0.075"
"95","linear","NN + L2","0.075"
"95","linear","NN + Scale","0.075"
"95","linear","NN + Offset","0.225"
"95","xor","NN","0.275"
"95","xor","NN + L2","0.35"
"95","xor","NN + Scale","0.4"
"95","xor","NN + Offset","0.275"
"96","moons","NN","0.125"
"96","moons","NN + L2","0.1"
"96","moons","NN + Scale","0.175"
"96","moons","NN + Offset","0.1"
"96","circles","NN","0.575"
"96","circles","NN + L2","0.525"
"96","circles","NN + Scale","0.6"
"96","circles","NN + Offset","0.65"
"96","linear","NN","0.025"
"96","linear","NN + L2","0.025"
"96","linear","NN + Scale","0.025"
"96","linear","NN + Offset","0.075"
"96","xor","NN","0.175"
"96","xor","NN + L2","0.3"
"96","xor","NN + Scale","0.375"
"96","xor","NN + Offset","0.25"
"97","moons","NN","0.175"
"97","moons","NN + L2","0.175"
"97","moons","NN + Scale","0.225"
"97","moons","NN + Offset","0.175"
"97","circles","NN","0.3"
"97","circles","NN + L2","0.3"
"97","circles","NN + Scale","0.525"
"97","circles","NN + Offset","0.375"
"97","linear","NN","0.1"
"97","linear","NN + L2","0.075"
"97","linear","NN + Scale","0.075"
"97","linear","NN + Offset","0.075"
"97","xor","NN","0.175"
"97","xor","NN + L2","0.175"
"97","xor","NN + Scale","0.175"
"97","xor","NN + Offset","0.175"
"98","moons","NN","0.15"
"98","moons","NN + L2","0.15"
"98","moons","NN + Scale","0.15"
"98","moons","NN + Offset","0.15"
"98","circles","NN","0.375"
"98","circles","NN + L2","0.5"
"98","circles","NN + Scale","0.65"
"98","circles","NN + Offset","0.525"
"98","linear","NN","0.175"
"98","linear","NN + L2","0.2"
"98","linear","NN + Scale","0.4"
"98","linear","NN + Offset","0.15"
"98","xor","NN","0.175"
"98","xor","NN + L2","0.325"
"98","xor","NN + Scale","0.3"
"98","xor","NN + Offset","0.35"
"99","moons","NN","0.15"
"99","moons","NN + L2","0.175"
"99","moons","NN + Scale","0.175"
"99","moons","NN + Offset","0.2"
"99","circles","NN","0.3"
"99","circles","NN + L2","0.475"
"99","circles","NN + Scale","0.575"
"99","circles","NN + Offset","0.4"
"99","linear","NN","0.3"
"99","linear","NN + L2","0.25"
"99","linear","NN + Scale","0.25"
"99","linear","NN + Offset","0.175"
"99","xor","NN","0.2"
"99","xor","NN + L2","0.5"
"99","xor","NN + Scale","0.325"
"99","xor","NN + Offset","0.475"
